num,img
0,./stim/MorphM1_05_orig.jpg
1,./stim/MorphM8_05_orig.jpg
2,./stim/MorphF1_05_orig.jpg
3,./stim/MorphM5_03_orig.jpg
4,./stim/MorphF2_10_orig.jpg
5,./stim/MorphM3_04_orig.jpg
6,./stim/MorphF9_08_orig.jpg
7,./stim/MorphF3_07_orig.jpg
8,./stim/MorphF8_01_orig.jpg
9,./stim/MorphM2_05_orig.jpg
10,./stim/MorphF3_06_orig.jpg
11,./stim/MorphM10_01_orig.jpg
12,./stim/MorphF8_00_orig.jpg
13,./stim/MorphM4_08_orig.jpg
14,./stim/MorphF7_04_orig.jpg
15,./stim/MorphF4_00_orig.jpg
16,./stim/MorphF7_09_orig.jpg
17,./stim/MorphM3_06_orig.jpg
18,./stim/MorphM6_03_orig.jpg
19,./stim/MorphM9_05_orig.jpg
20,./stim/MorphF6_07_orig.jpg
21,./stim/MorphF4_03_orig.jpg
22,./stim/MorphM1_02_orig.jpg
23,./stim/MorphF1_06_orig.jpg
24,./stim/MorphM9_00_orig.jpg
25,./stim/MorphF6_04_orig.jpg
26,./stim/MorphF8_09_orig.jpg
27,./stim/MorphF10_09_orig.jpg
28,./stim/MorphF8_08_orig.jpg
29,./stim/MorphM6_09_orig.jpg
30,./stim/MorphF1_02_orig.jpg
31,./stim/MorphM8_07_orig.jpg
32,./stim/MorphM2_01_orig.jpg
33,./stim/MorphM3_03_orig.jpg
34,./stim/MorphF8_04_orig.jpg
35,./stim/MorphM4_00_orig.jpg
36,./stim/MorphF6_03_orig.jpg
37,./stim/MorphM10_09_orig.jpg
38,./stim/MorphM7_00_orig.jpg
39,./stim/MorphF9_02_orig.jpg
40,./stim/MorphF5_02_orig.jpg
41,./stim/MorphM10_03_orig.jpg
42,./stim/MorphM2_08_orig.jpg
43,./stim/MorphF3_01_orig.jpg
44,./stim/MorphM4_09_orig.jpg
45,./stim/MorphF2_05_orig.jpg
46,./stim/MorphM5_05_orig.jpg
47,./stim/MorphF9_10_orig.jpg
48,./stim/MorphF1_01_orig.jpg
49,./stim/MorphM8_09_orig.jpg
50,./stim/MorphM4_02_orig.jpg
51,./stim/MorphM6_08_orig.jpg
52,./stim/MorphF2_00_orig.jpg
53,./stim/MorphM7_04_orig.jpg
54,./stim/MorphM6_07_orig.jpg
55,./stim/MorphF1_10_orig.jpg
56,./stim/MorphM1_03_orig.jpg
57,./stim/MorphF4_10_orig.jpg
58,./stim/MorphF9_09_orig.jpg
59,./stim/MorphM7_09_orig.jpg
60,./stim/MorphF4_05_orig.jpg
61,./stim/MorphM3_05_orig.jpg
62,./stim/MorphM5_06_orig.jpg
63,./stim/MorphM8_08_orig.jpg
64,./stim/MorphF5_09_orig.jpg
65,./stim/MorphF10_03_orig.jpg
66,./stim/MorphF7_00_orig.jpg
67,./stim/MorphF8_05_orig.jpg
68,./stim/MorphM2_03_orig.jpg
69,./stim/MorphM10_07_orig.jpg
70,./stim/MorphF6_02_orig.jpg
71,./stim/MorphM7_07_orig.jpg
72,./stim/MorphF10_04_orig.jpg
73,./stim/MorphM9_09_orig.jpg
74,./stim/MorphM6_06_orig.jpg
75,./stim/MorphF10_07_orig.jpg
76,./stim/MorphF7_10_orig.jpg
77,./stim/MorphM5_07_orig.jpg
78,./stim/MorphF6_05_orig.jpg
79,./stim/MorphM10_10_orig.jpg
80,./stim/MorphM6_10_orig.jpg
81,./stim/MorphF3_05_orig.jpg
82,./stim/MorphM2_07_orig.jpg
83,./stim/MorphF1_03_orig.jpg
84,./stim/MorphF5_08_orig.jpg
85,./stim/MorphM4_01_orig.jpg
86,./stim/MorphF2_07_orig.jpg
87,./stim/MorphM8_02_orig.jpg
88,./stim/MorphF3_02_orig.jpg
89,./stim/MorphF8_10_orig.jpg
90,./stim/MorphM4_04_orig.jpg
91,./stim/MorphF5_04_orig.jpg
92,./stim/MorphF1_08_orig.jpg
93,./stim/MorphM3_09_orig.jpg
94,./stim/MorphF10_06_orig.jpg
95,./stim/MorphM8_10_orig.jpg
96,./stim/MorphM3_00_orig.jpg
97,./stim/MorphF10_00_orig.jpg
98,./stim/MorphF1_04_orig.jpg
99,./stim/MorphM6_01_orig.jpg
100,./stim/MorphF6_00_orig.jpg
101,./stim/MorphM4_10_orig.jpg
102,./stim/MorphM7_02_orig.jpg
103,./stim/MorphM9_07_orig.jpg
104,./stim/MorphF2_01_orig.jpg
105,./stim/MorphF3_03_orig.jpg
106,./stim/MorphM4_03_orig.jpg
107,./stim/MorphF9_04_orig.jpg
108,./stim/MorphM1_00_orig.jpg
109,./stim/MorphM8_06_orig.jpg
110,./stim/MorphF8_07_orig.jpg
111,./stim/MorphF3_08_orig.jpg
112,./stim/MorphM6_05_orig.jpg
113,./stim/MorphF9_03_orig.jpg
114,./stim/MorphM3_08_orig.jpg
115,./stim/MorphM9_06_orig.jpg
116,./stim/MorphF1_07_orig.jpg
117,./stim/MorphM9_01_orig.jpg
118,./stim/MorphM5_08_orig.jpg
119,./stim/MorphF6_01_orig.jpg
120,./stim/MorphM1_01_orig.jpg
121,./stim/MorphF4_08_orig.jpg
122,./stim/MorphF9_07_orig.jpg
123,./stim/MorphM1_10_orig.jpg
124,./stim/MorphF5_05_orig.jpg
125,./stim/MorphM2_09_orig.jpg
126,./stim/MorphF4_06_orig.jpg
127,./stim/MorphM7_03_orig.jpg
128,./stim/MorphF3_10_orig.jpg
129,./stim/MorphF7_08_orig.jpg
130,./stim/MorphF2_04_orig.jpg
131,./stim/MorphM1_09_orig.jpg
132,./stim/MorphM7_10_orig.jpg
133,./stim/MorphF7_01_orig.jpg
134,./stim/MorphM4_07_orig.jpg
135,./stim/MorphM8_03_orig.jpg
136,./stim/MorphF10_01_orig.jpg
137,./stim/MorphF9_01_orig.jpg
138,./stim/MorphM7_01_orig.jpg
139,./stim/MorphF2_02_orig.jpg
140,./stim/MorphF8_02_orig.jpg
141,./stim/MorphM2_04_orig.jpg
142,./stim/MorphF2_06_orig.jpg
143,./stim/MorphF7_05_orig.jpg
144,./stim/MorphM1_04_orig.jpg
145,./stim/MorphF4_07_orig.jpg
146,./stim/MorphM10_08_orig.jpg
147,./stim/MorphF9_05_orig.jpg
148,./stim/MorphM7_05_orig.jpg
149,./stim/MorphM5_09_orig.jpg
150,./stim/MorphF7_02_orig.jpg
151,./stim/MorphM2_10_orig.jpg
152,./stim/MorphF5_03_orig.jpg
153,./stim/MorphF6_06_orig.jpg
154,./stim/MorphM10_00_orig.jpg
155,./stim/MorphM8_00_orig.jpg
156,./stim/MorphM3_07_orig.jpg
157,./stim/MorphF4_02_orig.jpg
158,./stim/MorphM10_04_orig.jpg
159,./stim/MorphM5_10_orig.jpg
160,./stim/MorphF5_06_orig.jpg
161,./stim/MorphM4_05_orig.jpg
162,./stim/MorphF6_09_orig.jpg
163,./stim/MorphM9_02_orig.jpg
164,./stim/MorphF7_06_orig.jpg
165,./stim/MorphM6_00_orig.jpg
166,./stim/MorphF4_01_orig.jpg
167,./stim/MorphF8_06_orig.jpg
168,./stim/MorphF5_01_orig.jpg
169,./stim/MorphM6_02_orig.jpg
170,./stim/MorphF9_06_orig.jpg
171,./stim/MorphF5_07_orig.jpg
172,./stim/MorphF3_09_orig.jpg
173,./stim/MorphF7_07_orig.jpg
174,./stim/MorphM3_01_orig.jpg
175,./stim/MorphM6_04_orig.jpg
176,./stim/MorphF2_09_orig.jpg
177,./stim/MorphF5_10_orig.jpg
178,./stim/MorphF10_02_orig.jpg
179,./stim/MorphM7_06_orig.jpg
180,./stim/MorphM10_06_orig.jpg
181,./stim/MorphF4_09_orig.jpg
182,./stim/MorphF3_00_orig.jpg
183,./stim/MorphM7_08_orig.jpg
184,./stim/MorphM4_06_orig.jpg
185,./stim/MorphM1_06_orig.jpg
186,./stim/MorphF4_04_orig.jpg
187,./stim/MorphM2_02_orig.jpg
188,./stim/MorphM10_02_orig.jpg
189,./stim/MorphM5_04_orig.jpg
190,./stim/MorphM1_07_orig.jpg
191,./stim/MorphF8_03_orig.jpg
192,./stim/MorphM2_06_orig.jpg
193,./stim/MorphF1_09_orig.jpg
194,./stim/MorphF9_00_orig.jpg
195,./stim/MorphM5_00_orig.jpg
196,./stim/MorphF1_00_orig.jpg
197,./stim/MorphF6_10_orig.jpg
198,./stim/MorphF10_10_orig.jpg
199,./stim/MorphM5_01_orig.jpg
200,./stim/MorphF2_08_orig.jpg
201,./stim/MorphF5_00_orig.jpg
202,./stim/MorphM3_10_orig.jpg
203,./stim/MorphF10_08_orig.jpg
204,./stim/MorphM2_00_orig.jpg
205,./stim/MorphM3_02_orig.jpg
206,./stim/MorphF6_08_orig.jpg
207,./stim/MorphM10_05_orig.jpg
208,./stim/MorphF7_03_orig.jpg
209,./stim/MorphM8_01_orig.jpg
210,./stim/MorphM5_02_orig.jpg
211,./stim/MorphM9_04_orig.jpg
212,./stim/MorphF2_03_orig.jpg
213,./stim/MorphM9_08_orig.jpg
214,./stim/MorphF3_04_orig.jpg
215,./stim/MorphM9_10_orig.jpg
216,./stim/MorphM8_04_orig.jpg
217,./stim/MorphM9_03_orig.jpg
218,./stim/MorphM1_08_orig.jpg
219,./stim/MorphF10_05_orig.jpg
